luas,harga
1000,316404.1095890411
2000,452191.7808219178
3000,587979.4520547945
4000,723767.1232876712
5000,859554.7945205481
6000,995342.4657534247
7000,1131130.1369863015
8000,1266917.8082191783
